{
  "j1": 0.0010833740234375,
  "j2": -89.9996337890625,
  "j3": -0.000544776616152375,
  "j4": -90.01783752441406,
  "j5": -0.009572246111929417,
  "j6": 42.05849075317383,
  "moveJSpeed": 50.0,
  "moveJAcceleration": 50.0,
  "servoSpeed": 146.2264099121094,
  "servoAcceleration": 724.52490234375
}